Size,Threads,Time_sec,Operations,GFLOPS
100,1,0.00100017,1000000,1.9996600577901755
100,2,0.00100017,1000000,1.9996600577901755
100,4,0.00100017,1000000,1.9996600577901755
100,8,0.00200009,1000000,0.9999550020249088
300,1,0.0109999,27000000,4.909135537595796
300,2,0.00699997,27000000,7.714318775651896
300,4,0.00399995,27000000,13.5001687521094
300,8,0.00399995,27000000,13.5001687521094
500,1,0.0510001,125000000,4.901951172644759
500,2,0.026,125000000,9.615384615384615
500,4,0.0209999,125000000,11.904818594374259
500,8,0.0139999,125000000,17.85727040907435
800,1,0.203,512000000,5.044334975369458
800,2,0.103,512000000,9.941747572815533
800,4,0.0880001,512000000,11.636350413238167
800,8,0.046,512000000,22.26086956521739
1000,1,0.461,1000000000,4.3383947939262475
1000,2,0.228,1000000000,8.771929824561404
1000,4,0.145,1000000000,13.793103448275861
1000,8,0.096,1000000000,20.833333333333332
